-- phpMyAdmin SQL Dump
-- version 4.9.0.1
-- https://www.phpmyadmin.net/
--
-- Gép: 127.0.0.1
-- Létrehozás ideje: 2019. Dec 13. 15:47
-- Kiszolgáló verziója: 10.4.6-MariaDB
-- PHP verzió: 7.3.9

SET SQL_MODE = "NO_AUTO_VALUE_ON_ZERO";
SET AUTOCOMMIT = 0;
START TRANSACTION;
SET time_zone = "+00:00";


/*!40101 SET @OLD_CHARACTER_SET_CLIENT=@@CHARACTER_SET_CLIENT */;
/*!40101 SET @OLD_CHARACTER_SET_RESULTS=@@CHARACTER_SET_RESULTS */;
/*!40101 SET @OLD_COLLATION_CONNECTION=@@COLLATION_CONNECTION */;
/*!40101 SET NAMES utf8mb4 */;

--
-- Adatbázis: `production`
--

-- --------------------------------------------------------

--
-- Tábla szerkezet ehhez a táblához `answers`
--

CREATE TABLE `answers` (
  `id` int(11) NOT NULL,
  `question_id` int(11) NOT NULL,
  `answer` varchar(255) DEFAULT NULL,
  `correct` int(11) DEFAULT 0
) ENGINE=InnoDB DEFAULT CHARSET=utf8;

--
-- A tábla adatainak kiíratása `answers`
--

INSERT INTO `answers` (`id`, `question_id`, `answer`, `correct`) VALUES
(26, 7, 'When the computer program has been given the wrong command', 0),
(27, 8, '5,21,1', 0),
(28, 8, '5,20,1', 1),
(29, 8, '5,19,0', 0),
(30, 8, '5,19,1', 0),
(31, 8, '5.10.1', 0),
(32, 8, '6.10.0', 0),
(37, 10, 'Mivel az elektromotort csak a hátsó tengelyen hasznájuk regeneratív fékezésre, így nincs szükség külön beavatkozásra', 0),
(38, 10, 'Féknyomást kell elvenni a fékkörb?l; az így lecsökkentett féker?t az elektomotor által létrehozott fékez? nyomaték segítségével pótoljuk', 1),
(39, 10, 'Nem szükséges beavatkozás, az elektromotor mindig rásegít a súrlódó fékekre, így növelve a biztonságot', 0),
(40, 10, 'A sof?r teljes leválasztása a fékkörr?l (brake by wire); a féknyomatékok megosztását a súrlódó- és regeneratív fék között szoftveres logika szerint határozza meg a rendszer', 1),
(41, 11, 'Limitálva megtartunk bizonyos mértékű regeneratív fékez?nyomatékot a hidraulikus fék mellett', 0),
(42, 11, 'Megszüntetjük a kivezérelt regeneratív fékez?nyomatékot és tisztán hidraulikus fékre bízzuk a fékezést', 1),
(43, 11, 'A regeneratív fékez?nyomatékot kivezéreljük ennek ellenére és ha járm? destabilizációja lépne fel letiltjuk', 0),
(44, 12, '?????', 1),
(45, 13, 'őűűű', 1),
(46, 14, 'Compilation Error', 0),
(47, 14, 'skills', 0),
(48, 14, 'kills', 0),
(49, 14, 'ls', 1),
(50, 15, 'uiuz', 0),
(51, 15, 'uuui', 1),
(52, 15, 'gj', 0),
(53, 15, 'gg', 0),
(54, 16, 'Magas feszültségű akkumulátor kapacitása', 1),
(55, 16, 'A főfékhenger mérete ', 0),
(56, 16, 'A járműbe szerelt elektromotor teljesítménye ', 1),
(57, 16, 'A tárcsafék betétek állapota', 0),
(58, 17, 'Igen', 0),
(59, 17, 'Nem', 1),
(60, 18, 'Keréksebesség szenzor hibája', 1),
(61, 18, 'Navigációs rendszer hibája', 0),
(62, 18, 'Hibás vagy rosszul kalibrált kormányszög szenzor', 1),
(63, 19, 'A hajtott kerekek átlagsebessége alapján', 0),
(64, 19, 'A nem hajtott kerekek átlagsebessége alapján', 1),
(65, 19, 'A négy kerék átlagsebessége alapján', 0),
(66, 19, 'A leglassabb kerék sebessége alapján', 0),
(67, 20, 'A hajtott kerekek átlagsebessége alapján', 0),
(68, 20, 'A nem hajtott kerekek átlagsebessége alapján', 1),
(69, 20, 'A négy kerék átlagsebessége alapján', 0),
(70, 20, 'A leglassabb kerék sebessége alapján', 0),
(71, 21, 'A sofőr fékezése', 0),
(72, 21, 'Az autó gyorsulása', 0),
(73, 21, 'Külső hőmérséklet', 0),
(74, 21, 'A motor fordulatszáma', 1),
(75, 22, '1', 0),
(76, 22, '2', 0),
(77, 22, '3', 0),
(78, 22, '4', 1),
(79, 23, '0,2g', 0),
(80, 23, '0,8g', 0),
(81, 23, '0,4g', 1),
(82, 23, '0,5g', 0),
(83, 24, 'Következtetni lehet a sofőr vezetési stílusára', 0),
(84, 24, 'Az elmentett információt fel lehet használni későbbi fejlesztésekhez', 0),
(85, 24, 'Baleset esetén a tárolt információkból következtetni lehet a baleset körülményeire', 1),
(86, 24, 'A sofőrt így meg lehet büntetni, ha szabálytalanul vezet', 0),
(87, 25, 'Lejtőn visszagurulás, alulkormányzottság, túlkormányzottság, felborulás', 0),
(88, 25, 'Felborulás, túlkormányzottság, alulkormányzottság, lejtőn visszagurulás', 1),
(89, 25, 'Felborulás, alulkormányzottság, túlkormányzottság, lejtőn visszagurulás', 0),
(90, 25, 'Túlkormányzottság, felborlás, alulkormányzottság, lejtőn visszagurulás', 0),
(91, 26, 'Keréksebesség szenzor', 0),
(92, 26, 'Kormányszög szenzor', 1),
(93, 26, 'Funkció bekapcsoló gomb jele', 0),
(94, 26, 'Motor fordulatszám', 0),
(95, 27, 'Nem, mert azt érzékeli, hogy a kerék már megállt', 0),
(96, 27, 'Igen, csökkenti a nyomást a fékkörben', 0),
(97, 27, 'Igen, csökkenti a nyomást az adott keréken', 1),
(98, 28, 'A sofőr nem nyomja a gázpedált', 0),
(99, 28, 'A jármű túl meredek dombon áll', 1),
(100, 28, 'A sofőr fékez', 0),
(101, 28, 'A fékrendszernek nincs ráhatása a Stop Start rendszerre', 0),
(102, 28, 'A sofőr nem nyomja a kuplung pedált', 0),
(103, 29, 'Ha az menetstabilizátoron kívül a kipörgésgátlót is kikapcsoljuk.', 1),
(104, 29, 'Elegendő az menetstabilizátort kikapcsolni.', 0),
(105, 29, 'Az menetstabilizátoron kívül a kipörgésgátlót és az ABS-t is ki kell kapcsolni.', 0),
(106, 30, 'Folyamatosan világító féklámpával', 0),
(107, 30, 'Villogó féklámpával vagy vészvillogóval', 1),
(108, 30, 'Dudálással', 0),
(109, 30, 'Sehogy, nem érdemes jelezni', 0),
(110, 31, 'Az első tengelyen lévő kerekek sebességéből', 1),
(111, 31, 'A hátsó tengelyen lévő kerekek sebességéből', 0),
(112, 31, 'Az összes kerék sebességét átlagolná', 0),
(113, 32, 'Gázpedál gyors elengedése', 1),
(114, 32, 'Kuplungpedál benyomása', 0),
(115, 32, 'Hirtelen kormányzás', 0),
(116, 32, 'Sebességváltás', 0),
(117, 33, 'Gyorsulásszenzor', 1),
(118, 33, 'Sofőr oldali ajtó', 0),
(119, 33, 'Biztonsági öv', 0),
(120, 33, 'Kormányszög szenzor', 0),
(121, 34, 'A hátsó tengely csúszása, túlkormányzottság esetén', 0),
(122, 34, 'Döntött kanyarban való haladás esetén', 1),
(123, 34, 'Olyan kanyaroknál, ahol az első kerekek szögére nem igaz, hogy tg(alfa)~sin(alfa)', 0),
(124, 35, 'Nem, hiszen a sofőr által kért motornyomaték nem változik', 0),
(125, 35, 'Igen, csökkenti a motornyomatékot, mivel a megszűnő normálerő miatt az átvihető nyomaték csökken', 1),
(126, 35, 'Igen, növeli a motornyomatékot, mivel a kerekek forgását a súrlódási erő nem akadályozza', 0),
(127, 36, 'Alapesetben nyitottat, és zárni beavatkozás estén', 1),
(128, 36, 'Alapesetben zártat, és nyitni, mikor nincs beavatkozás', 0),
(129, 37, '2-nél több keréksebesség szenzor hiba', 1),
(130, 37, 'Kormányszög szenzor hiba', 0),
(131, 37, 'Hosszirányú gyorsulásszenzor hiba', 0),
(132, 37, 'Perdület szenzor hiba', 0),
(133, 38, 'Ujjlenyomat olvasó a gombon', 0),
(134, 38, 'Nem tudjuk kivédeni', 1),
(135, 38, 'Ülésbe szerelt nyomásszenzor segítségével', 0),
(136, 38, 'A sofőrnek kell jóváhagyni a fékezést', 0),
(137, 39, 'Az autó fékezés nélkül halad tovább', 0),
(138, 39, 'Az autó fékezés nélkül halad tovább, de jelzi a sofőrnek, hogy menet közben húzta be a kéziféket', 0),
(139, 39, 'Fékezés történik, az autó kipördül', 0),
(140, 39, 'Fékezés történik, de az autó irányítható marad', 1),
(141, 40, 'Nagy tapadási együtthatójú gumik', 1),
(142, 40, 'Túlságosan magas guminyomás', 0),
(143, 40, 'Magas, keskeny felépítés', 1),
(144, 40, 'Széles nyomtáv', 0),
(145, 40, 'Megpakolt tetőcsomagtartó', 1),
(146, 40, 'Súlyos utánfutó', 0),
(147, 41, 'Az autó fékezés nélkül halad tovább', 0),
(148, 41, 'Az autó fékezés nélkül halad tovább, de jelzi a sofőrnek, hogy menet közben húzta be a kéziféket', 0),
(149, 41, 'Fékezés történik, az autó instabillá válhat', 1),
(150, 41, 'Fékezés történik, de az autó irányítható marad', 0),
(151, 42, 'Csökken, mert a kerekeknek oldalirányú erőt is át kell vinniük a hosszirányú mellett.', 1),
(152, 42, 'Csökken, de a terhelésváltás miatt az ívbelső és ívkülső kerekeken különböző mértékben.', 1),
(153, 42, 'Növekszik, mert a gumik nagyobb oldalcsúszási szög mellett nagyobb súrlódási együtthatóval rendelkeznek', 0),
(154, 42, 'Nem változik, az ABS célja éppen az, hogy a maximális lassulást biztosítsa minden helyzetben', 0),
(155, 43, '175 m', 0),
(156, 43, '140 m', 1),
(157, 43, '105 m', 0),
(158, 43, '70 m', 0),
(159, 44, 'Coasting At Neutral - Az üresben gurulás angol szakkifejezése. Ha ez az állapot áll fenn, a motor üzemanyagellátása szünetel, valamint az EBS funkciói (ABS, ESC (menetstabilizátor), stb.) nem elérhetőek.', 0),
(160, 44, 'Controller Area Network - A jármű egyes részegységei közötti kommunikációt lehetővé tevő hálózat. Ennek segítségével nagy mennyiségű vezeték nélkül valósítható meg az adattovábbítás az autó vezérlőegységei között.', 1),
(161, 44, 'Car Abbreviation Notes - Nemzetközi Autóipari Rövidítésgyűjtemény az egyes gyártók és beszállítók által használt funkciók mozaikszavas elnevezéseit tartalmazza.', 0),
(162, 44, 'Camber At Negative - A kerekek dőlésszögére utal, negatív kerékdőlés esetén szemből nézve a kerekek középsíkja V alakot mutat.', 0),
(163, 45, 'A jármű tehetetlenségi nyomatékától', 1),
(164, 45, 'Az adott autógyár által megkívánt viselkedéstől (sportos, komfortos, stb.).', 1),
(165, 45, 'A jármű szöggyorsulásának nagyságától', 1),
(166, 45, 'A féktárcsa méretétől', 1),
(167, 46, 'Mágnesszelepekkel', 1),
(168, 46, 'Bolygóművel', 0),
(169, 46, 'Kézifékkel', 0),
(170, 46, 'Fékerőelosztóval', 0),
(171, 47, 'Mert a villanymotor motorfék üzeme akkora nyomatékot generál, ami blokkolhatja a kereket', 1),
(172, 47, 'A motor élettartamának növelése céljából.', 0),
(173, 47, 'Hogy kisebb áram generálódjon, az elektromos rendszer többi alkatrészének védelme érdekében', 0),
(174, 48, 'A bukkanó nem befolyásolja a dinamikai viszonyokat, az autó stabilan lassul', 0),
(175, 48, 'A kerekeken csökken a normálerő, emiatt kisebb féknyomásnál blokkolhatnak, instabilitást okozva', 1),
(176, 49, 'A kerekek egyenlő mértékben képesek hajtónyomatékot átvinni', 0),
(177, 49, 'Mivel a hátsó kerekekre több terhelés jut, ott nagyobb hajtónyomaték vihető át', 1),
(178, 49, 'Az első kereken vihető át nagyobb nyomaték', 0),
(179, 50, 'Hiába nyomja a sofőr a féket, nem lesz fékhatás', 0),
(180, 50, 'Saját belső kapacitásból még táplája magát egy fékezés erejéig', 0),
(181, 50, 'Mivel redundáns a rendszer, létrejön a kívánt fékhatás', 0),
(182, 50, '„Fallback” állapotba kerül a rendszer, a sofőr által felépített féknyomás eljut a kerekekhez, fékerő rásegítés nélkül', 1),
(183, 51, 'Csúszó hátsó kerekek', 1),
(184, 51, 'Csúszó első kerekek', 0),
(185, 51, 'Tapadás az első tengelyen', 1),
(186, 51, 'Tapadás a hátsó tengelyen', 0),
(187, 52, 'A kormányszervó kisebb nyomatékot engedélyez, ezért nehezebben lehet elfordítani a kormányt', 0),
(188, 52, 'Alulkormányzott lesz az autó, nem követi a kívánt ívet.', 1),
(189, 52, 'Felvillan az ABS hibalámpa a műszerfalon, és hibás kerékszenzor jellel számol a rendszer', 0),
(190, 53, 'Csúszó hátsó kerekek', 0),
(191, 53, 'Csúszó első kerekek', 1),
(192, 53, 'Tapadás az első tengelyen', 0),
(193, 53, 'Tapadás a hátsó tengelyen', 1),
(194, 54, 'Alulkormányzott szituációban nem lesz ESC (menetstabilizátor) beavatkozás', 0),
(195, 54, 'Mindkettő hátsó kereket', 0),
(196, 54, 'Az ívbelső hátsó kereket', 1),
(197, 54, 'Az ívbelső első kereket', 0),
(198, 55, 'Túlkormányzott szituációban nem lesz ESC (menetstabilizátor) beavatkozás', 0),
(199, 55, 'Mindkettő első kereket', 0),
(200, 55, 'Az ívbelső hátsó kereket', 0),
(201, 55, 'Az ívkülső első kereket', 1),
(202, 56, 'A fékhőmérséklet nem befolyásol semmit az elektromos kézifék működésében', 0),
(203, 56, 'A fékek kihűlésével nő a kézifék által létrehozott féknyomaték, így a fék megszorul.', 0),
(204, 56, 'A fékek kihűlését figyelembe véve az elektromos kézifék bizonyos idő elteltével ráhúz a fékekre, ezzel megakadályozva az autó elgurulását', 1),
(205, 57, 'Folyadék', 1),
(206, 57, 'Olaj', 0),
(207, 57, 'Levegő', 1),
(208, 57, 'Nitrogén', 0),
(209, 58, 'Erő ', 0),
(210, 58, 'Nyomás', 1),
(211, 58, 'Forráspont', 0),
(212, 58, 'Viszkozitás', 0),
(213, 59, 'Tapadás', 0),
(214, 59, 'Csúszás', 0),
(215, 59, 'Súrlódás', 1),
(216, 59, 'Lassulás', 0),
(217, 60, 'Hosszírányú', 1),
(218, 60, 'Függőleges', 1),
(219, 60, 'Keresztirányú', 1),
(220, 61, 'Ívbelső', 0),
(221, 61, 'Első', 1),
(222, 61, 'Ívkülső', 1),
(223, 61, 'Hátsó', 0),
(224, 62, 'Ívbelső', 1),
(225, 62, 'Első', 0),
(226, 62, 'Ívkülső', 0),
(227, 62, 'Hátsó', 1),
(228, 63, 'Bal első', 1),
(229, 63, 'Jobb első', 1),
(230, 63, 'Bal Hátsó', 0),
(231, 63, 'Jobb Hátsó', 0),
(232, 64, 'Bal első', 0),
(233, 64, 'Jobb első', 0),
(234, 64, 'Bal Hátsó', 1),
(235, 64, 'Jobb Hátsó', 1),
(236, 65, 'Nyomás felépítés', 1),
(237, 65, 'Nyomás csökkentés', 1),
(238, 65, 'Csúszás', 0),
(239, 65, 'Kerék blokkolása', 0),
(240, 66, 'Nem, mert nem fékezünk', 0),
(241, 66, 'Nem, mert nem adunk gázt', 0),
(242, 66, 'Igen, mert csökken a kerekekre ható nyomaték', 0),
(243, 66, 'Igen, mert nő a kerekekre ható nyomaték', 1),
(244, 67, 'Motor fordulatszám csökkenés', 1),
(245, 67, 'Motor fordulatszám növelés', 0),
(246, 67, 'Magasabb fokozatba történő váltás', 1),
(247, 67, 'Kisebb fokozatba történő váltás', 0),
(248, 68, 'Gázelvétel', 0),
(249, 68, 'Fékerő növelés', 0),
(250, 68, 'Magasabb fokozatba kapcsolás', 0),
(251, 68, 'Gázadás', 0),
(252, 68, 'Fékerő csökkentés', 1),
(253, 69, 'Motor fordulatszám csökkenés', 0),
(254, 69, 'Motor fordulatszám növelés', 1),
(255, 69, 'Magasabb fokozatba történő váltás', 0),
(256, 69, 'Kisebb fokozatba történő váltás', 1),
(257, 70, 'Gázelvétel', 1),
(258, 70, 'Alacsonyabb fokozatba kapcsolás', 0),
(259, 70, 'Magasabb fokozatba kapcsolás', 1),
(260, 70, 'Gázadás', 0),
(261, 70, 'Nem lehetséges', 0),
(262, 71, 'Minél rövidebb fékút', 0),
(263, 71, 'Irányíthatóság megtartása', 1),
(264, 71, 'Gumi kopásának megelőzése', 0),
(265, 72, 'Egyenes haladás esetén', 0),
(266, 72, 'Kanyarodás esetén', 1),
(267, 73, 'Kerekek kipörgése', 0),
(268, 73, 'Túlkormányzottság', 0),
(269, 73, 'Kerekek blokkolása', 1),
(270, 73, 'Alulkormányzottság', 0),
(271, 73, 'Sodródás', 0),
(272, 74, 'Fékezés', 0),
(273, 74, 'Gázadás', 0),
(274, 74, 'Ellen kormányzás', 0),
(275, 74, 'Gázelvétel', 1),
(276, 74, 'Kormány nyitása', 1),
(277, 75, 'Kerekek kipörgése', 0),
(278, 75, 'Túlkormányzottság', 1),
(279, 75, 'Kerekek blokkolása', 0),
(280, 75, 'Alulkormányzottság', 1),
(281, 75, 'Sodródás', 1),
(282, 76, 'Hajtott kerekek kipörgése', 1),
(283, 76, 'Hajtatlan kerekek kipörgése', 0),
(284, 76, 'Alulkormányzottság', 0),
(285, 76, 'Túlkormányzottság', 0),
(286, 77, 'HSA – Hill Start Assist funkció nem működik', 0),
(287, 77, 'Motor start-stop funkció nem működik', 1),
(288, 77, 'Elektromos kormány zár nem működik', 0),
(289, 78, 'Hosszirányú gyorsulás szenzor (Longitudinal acceleration sensor)', 0),
(290, 78, 'Oldalirányú gyorsulás szenzor (Lateral acceleration sensor)', 0),
(291, 78, 'Kormányszög szenzor (Steering wheel angle sensor)', 1),
(292, 78, 'Perdület szög szenzor (Yaw rate sensor)', 0),
(293, 79, 'Alulkormányzottság', 1),
(294, 79, 'Túlkormányzottság', 0),
(295, 80, 'Rövidebb fékút elérése', 0),
(296, 80, 'Gumi megóvása', 0),
(297, 80, 'Gépjármű írányíthatóság fenntartása fékezés közben', 1),
(298, 81, 'Nem, csak motor nyomaték csökkentést kérhet', 0),
(299, 81, 'Nem, csak féknyomaték növelés, illetve csökkentést kérhet', 0),
(300, 81, 'Igen, kérhet', 1),
(301, 82, 'Van, minden autóban', 0),
(302, 82, 'Van, csak a drágább kivitelekben', 0),
(303, 82, 'A féktárcsa hőmérsékletét modell kalkulálja', 1),
(304, 83, 'Nem, csak elindulásnál', 0),
(305, 83, 'Igen, a jármű teljes sebességtartományában.', 1),
(306, 83, 'Igen, de csak 150 km/h-ig.', 0),
(307, 84, 'Ív belső kerék', 0),
(308, 84, 'Ív külső kerék', 1),
(309, 85, 'Ív külső kerékre', 1),
(310, 85, 'Ív belső kerékre', 0),
(311, 86, 'Igen', 1),
(312, 86, 'Nem', 0),
(313, 87, '1', 0),
(314, 87, '2', 1),
(315, 87, '4', 0),
(316, 87, '8', 0),
(317, 88, 'Vákuumszivattyú', 1),
(318, 88, 'Nincs rásegítés', 0),
(319, 88, 'Elektromos aktuátor', 1),
(320, 88, 'Hosszabb fékpedál út a nagyobb nyomaték érdekében', 0),
(321, 88, 'Nincs hidraulikus fék, csak a villanymotor fékez', 0),
(322, 89, 'Bowdenes fék (pl.: kerékpár)', 0),
(323, 89, 'Eletromos aktuátorral végrehajtott fékezés', 0),
(324, 89, 'Nincs közvetlen hidraulikus kapcsolat a pedál és a fékdugattyúk között', 1),
(325, 89, 'Bowdenes kézifék', 0),
(326, 90, 'ABS', 0),
(327, 90, 'ACC – Adaptive Cruise Control (távolságtartó tempomat)', 1),
(328, 90, 'ESC (menetstabilizátor)', 1),
(329, 90, 'Elektronikus kézifék kiengedés', 1),
(330, 91, 'TCS (kipörgésgátló)', 1),
(331, 91, 'HSA – Hill Start Assist (visszagurulásgátló)', 0),
(332, 91, 'AVH – Automatic Vehicle Hold', 0),
(333, 91, 'ESC (menetstabilizátor)', 1),
(334, 92, 'Balra kormányzás', 0),
(335, 92, 'Jobbra kormányzás', 1),
(336, 92, 'Gázt adni', 0),
(337, 92, 'Fékezni', 0),
(338, 92, 'Gázt elvenni', 0),
(339, 93, 'Balra kormányzás', 0),
(340, 93, 'Jobbra kormányzás', 1),
(341, 93, 'Gázt adni', 0),
(342, 93, 'Fékezni', 0),
(343, 93, 'Gázt elvenni', 1),
(344, 94, 'Balra kormányzás', 0),
(345, 94, 'Jobbra kormányzás', 0),
(346, 94, 'Gázt adni', 1),
(347, 94, 'Fékezni', 0),
(348, 94, 'Gázt elvenni', 0),
(349, 94, 'Kiengedni a kéziféket', 1),
(350, 95, 'Nagyobb tapadású felé', 1),
(351, 95, 'Kisebb tapadású felé', 0),
(352, 95, 'Egyik sem', 0),
(353, 96, 'Homok', 1),
(354, 96, 'Jég', 0),
(355, 96, 'Száraz aszfalt', 0),
(356, 96, 'Vizes aszfalt', 0),
(357, 97, 'Bal hátsó', 1),
(358, 97, 'Jobb hátsó', 0),
(359, 97, 'Bal első', 0),
(360, 97, 'Jobb első', 0),
(361, 98, 'Bal hátsó', 0),
(362, 98, 'Jobb hátsó', 1),
(363, 98, 'Bal első', 0),
(364, 98, 'Jobb első', 0),
(365, 99, '10 Nm', 0),
(366, 99, '20 Nm', 0),
(367, 99, '180 Nm', 0),
(368, 99, '320 Nm', 0),
(369, 99, '1440 Nm', 1),
(370, 99, '2880 Nm', 0),
(371, 100, '0 Nm', 1),
(372, 100, '20 Nm', 0),
(373, 100, '180 Nm', 0),
(374, 100, '320 Nm', 0),
(375, 100, '1440 Nm', 0),
(376, 100, '2880 Nm', 0),
(377, 101, 'Elsőkerék-meghajtás', 1),
(378, 101, 'Hátsókerék-meghajtás', 0),
(379, 101, 'Négykerék-meghajtás', 0),
(380, 101, 'Mindegy', 0),
(381, 102, 'A fékkör nyomása 30 bar, az autó sebessége 100 km/h', 0),
(382, 102, 'A fékkör nyomása 30 bar, az autó sebessége 50 km/h', 0),
(383, 102, 'A fékkör nyomása 50 bar, az autó sebessége 30 km/h', 0),
(384, 102, 'A fékkör nyomása 100 bar, az autó sebessége 30 km/h', 1),
(385, 103, 'Mindkettő hamis.', 0),
(386, 103, 'Az első állítás hamis, a második igaz.', 0),
(387, 103, 'Az első állítás igaz, a második hamis.', 0),
(388, 103, 'Mindkettő igaz, de nincs összefüggés.', 0),
(389, 103, 'Mindkettő igaz, és van összefüggés.', 1),
(390, 104, 'Mindkettő hamis.', 0),
(391, 104, 'Az első állítás hamis, a második igaz.', 1),
(392, 104, 'Az első állítás igaz, a második hamis.', 0),
(393, 104, 'Mindkettő igaz, de nincs összefüggés.', 0),
(394, 104, 'Mindkettő igaz, és van összefüggés.', 0),
(395, 105, 'Nem.', 0),
(396, 105, 'Igen, balra.', 1),
(397, 105, 'Igen, jobbra.', 0),
(398, 106, '0,5  m/s2', 0),
(399, 106, '1 m/s2', 1),
(400, 106, '5 m/s2', 0),
(401, 106, '10 m/s2', 0),
(406, 108, 'Character', 0),
(407, 108, 'Integer', 0),
(408, 108, 'Float', 1),
(409, 108, 'enum', 0),
(418, 111, 'Infinite times', 0),
(419, 111, '255', 1),
(420, 111, '256', 0),
(421, 111, '254', 0),
(422, 112, 'There is no break statement in each case.', 0),
(423, 112, 'Expression as in case 3 + 2 is not allowed.', 0),
(424, 112, 'Duplicate case of case 5:', 1),
(425, 112, 'No error will be reported.', 0),
(426, 113, 'Infinite times', 0),
(427, 113, '32767 times', 0),
(428, 113, '65535 times', 0),
(429, 113, 'Till stack overflows', 1),
(430, 114, 'Error: No default value is specified', 0),
(431, 114, 'Error: Constant expression required at line case P:', 1),
(432, 114, 'Error: There is no break statement in each case.', 0),
(433, 114, 'No error will be reported.', 0),
(434, 115, '10, 2, 4', 0),
(435, 115, '20, 4, 4', 1),
(436, 115, '16, 2, 2', 0),
(437, 115, '20, 2, 2', 0),
(438, 116, 'struct book {     char name[10];     float price;     int pages; };', 1),
(439, 116, 'struct aa {     char name[10];     float price;     int pages; }', 0),
(440, 116, 'struct aa {     char name[10];     float price;     int pages };', 0),
(445, 118, 'Result = -100.000000', 1),
(446, 118, 'Result = -25.000000', 0),
(447, 118, 'Result = 0.000000', 0),
(448, 118, 'Result = 100.000000', 0),
(453, 120, '-2, 3, 1, 1', 1),
(454, 120, '2, 3, 1, 2', 0),
(455, 120, '1, 2, 3, 1', 0),
(456, 120, '3, 3, 1, 2', 0),
(457, 121, 'C', 1),
(458, 121, 'C++', 0),
(459, 121, 'nothing display on screen', 0),
(460, 121, 'none of these', 0),
(461, 122, '0', 1),
(462, 122, '1', 0),
(463, 122, '-1', 0),
(464, 122, 'none of these', 0),
(465, 123, 'C', 0),
(466, 123, 'C D', 0),
(467, 123, 'E', 0),
(468, 123, 'compilation error', 1),
(469, 124, '5', 0),
(470, 124, 'compilation error', 0),
(471, 124, '10', 1),
(472, 124, 'none of the above', 0),
(473, 125, '12344444', 1),
(474, 125, '01234444', 0),
(475, 125, '12334444', 0),
(476, 125, '01344444', 0),
(477, 126, '0', 0),
(478, 126, '1', 0),
(479, 126, '64', 1),
(480, 126, '320', 0),
(481, 127, '1 11; 1 12; 1 13; 1 14; 0 15; 10 25', 1),
(482, 127, '1 11; 1 12; 1 13; 1 14; 0 15; 11 25', 0),
(483, 127, '0 11; 1 12; 1 13; 1 14; 0 15; 10 25', 0),
(484, 127, '0 11; 1 12; 1 13; 1 14; 0 15; 11 25', 0),
(485, 128, 'True', 0),
(486, 128, 'False', 1),
(487, 128, 'Syntax error', 0),
(488, 128, 'Runtime error', 0),
(489, 129, '3', 0),
(490, 129, '4', 1),
(491, 129, '5', 0),
(492, 129, '6', 0),
(497, 131, 'welcome 5', 0),
(498, 131, 'welcome 15', 1),
(499, 131, 'hello 5', 0),
(500, 131, 'hello 15', 0),
(501, 132, ' 3.5', 0),
(502, 132, '3', 0),
(503, 132, 'error', 1),
(504, 132, 'garbage', 0),
(509, 134, '2,2.000000', 1),
(510, 134, '2,2.00', 0),
(511, 134, '2,2', 0),
(512, 134, 'none of these', 0),
(513, 135, 'MAX_NUM is a precompiler constant.', 0),
(514, 135, 'MAX_NUM is a preprocessor directive.', 1),
(515, 135, 'MAX_NUM is an integer variable.', 0),
(516, 135, 'MAX_NUM is a linker constant.', 0),
(517, 136, '1', 1),
(518, 136, '6', 0),
(519, 136, '15', 0),
(520, 136, '0', 0),
(529, 139, '100', 0),
(530, 139, '1', 0),
(531, 139, '0', 0),
(532, 139, 'Infinite', 1),
(537, 141, 'Test Skills 55', 0),
(538, 141, 'C Programing 0', 0),
(539, 141, 'C Programing 55', 1),
(540, 141, 'Test Skills 0', 0),
(541, 142, '32767', 0),
(542, 142, '-32767', 0),
(543, 142, '32768', 0),
(544, 142, '-32768', 1),
(549, 144, '666', 0),
(550, 144, '000', 0),
(551, 144, '555', 1),
(552, 144, '655', 0),
(553, 145, 'Welcome', 0),
(554, 145, 'Welcome1', 0),
(555, 145, '1', 1),
(556, 145, '0', 0),
(557, 145, 'Welcome0', 0),
(561, 146, '1234567', 0),
(562, 146, 'Syntax error', 0),
(563, 146, 'Segmentation fault', 0),
(564, 146, '123456', 1),
(565, 146, '1234567', 0),
(566, 146, '12345', 0),
(567, 147, 'z = 9; x = 9; y = 7', 0),
(568, 147, 'z = 10; x = 12; y = 8', 0),
(569, 147, 'z = 10; x = 12; y = 7', 1),
(570, 147, 'z = 10; x = 10; y = 8', 0),
(572, 149, '1', 0),
(573, 149, '2, 3', 1),
(574, 149, '3, 4', 0),
(575, 149, '4', 0),
(576, 150, '42813', 0),
(577, 150, '84123', 0),
(578, 150, '12348', 1),
(579, 150, '84321', 0),
(580, 150, '32184', 0),
(581, 151, '200', 0),
(582, 151, '30', 1),
(583, 151, '100', 0),
(584, 151, '500', 0),
(585, 152, '4:0', 1),
(586, 152, '4:1', 0),
(587, 152, '4:4', 0),
(588, 152, '0:0', 0),
(589, 152, 'Compilation error', 0),
(590, 153, '1', 0),
(591, 153, '2', 1),
(592, 153, '3', 0),
(593, 153, '4', 0),
(594, 153, '5', 0),
(595, 154, '89', 0),
(596, 154, '99', 0),
(597, 154, '109', 0),
(598, 154, '119', 0),
(599, 154, '129', 1),
(600, 155, '1', 0),
(601, 155, '1, 4', 1),
(602, 155, '2, 3', 0),
(603, 155, '2, 4', 0),
(604, 154, '139', 0),
(605, 156, 'Compile error', 0),
(606, 156, '1, 4, 4', 1),
(607, 156, '2, 2, 4', 0),
(608, 156, '2, 4, 8', 0),
(614, 158, 'a>b ? c=30 : c=40;', 0),
(615, 158, 'a>b ? c=30;', 0),
(616, 158, 'max = a>b ? a>c?a:c:b>c?b:c', 1),
(617, 158, 'return (a>b)?(a:b)', 0),
(622, 160, 'Compile error', 0),
(623, 160, 'Runtime error', 0),
(624, 160, 'Another variable changed', 1),
(625, 160, 'None', 0),
(630, 162, '0', 0),
(631, 162, '1', 1),
(632, 162, '255', 0),
(633, 162, 'Compile error', 0),
(634, 163, 'main is already declared as a local variable, therefore cannot be called', 1),
(635, 163, 'main cannot be used as a variable name', 0),
(636, 163, 'main() control may reach end of non-void function', 0),
(637, 163, 'value assignement in if()', 0),
(638, 164, '2', 0),
(639, 164, '3', 1),
(640, 164, 'random value', 0),
(641, 165, '!!!!!!!a 10, b 12!!!!!!!', 1),
(642, 165, '!!!!!!!a 0, b 12!!!!!!!', 0),
(643, 165, '!!!!!!!a 12, b 12!!!!!!!', 0),
(644, 165, '!!!!!!!a 8, b 12!!!!!!!', 0),
(645, 166, '2', 1),
(646, 166, '3', 0),
(647, 166, 'Compile error', 0),
(648, 167, '40', 0),
(649, 167, '20', 0),
(650, 167, '10', 0),
(651, 167, '5', 1),
(652, 167, '0', 0),
(653, 168, '1 2 6 4', 0),
(654, 168, '1 2 6 4 1', 0),
(655, 168, '1 2', 0),
(656, 168, '6 4', 1),
(657, 168, '2 6 4', 0),
(658, 169, '5', 0),
(659, 169, '8', 0),
(660, 169, 'varies', 1),
(661, 169, 'nothing', 0),
(662, 170, 'nothing', 0),
(663, 170, 'run time error', 0),
(664, 170, 'varies', 0),
(665, 170, '“hello” is printed infinite times', 1),
(666, 171, 'Garbage value', 0),
(667, 171, 'Error', 0),
(668, 171, '20', 1),
(669, 171, '0', 0),
(670, 172, 'Error: RValue required', 0),
(671, 172, 'Error: assignment of member \'age\' in read-only object', 1),
(672, 172, 'Error: LValue required in strcpy', 0),
(673, 172, 'No error', 0),
(674, 173, 'true', 1),
(675, 173, 'true and', 0),
(676, 173, 'true and false', 0),
(677, 173, 'No output', 0),
(678, 174, 'true', 1),
(679, 174, 'false', 0),
(680, 174, 'true false', 0),
(681, 174, 'No output', 0),
(682, 175, 'true', 0),
(683, 175, 'false', 0),
(684, 175, 'Depends on the compiler', 0),
(685, 175, 'No print statement', 1),
(686, 176, 'inside if', 1),
(687, 176, 'inside else if', 0),
(688, 176, 'inside if inside else if', 0),
(689, 176, 'compile time error', 0),
(690, 177, 'fun is a pointer to an void type.', 0),
(691, 177, 'fun is a void type pointer variable.', 0),
(692, 177, 'fun is a function that returns a void pointer.', 1),
(693, 177, 'fun function returns nothing.', 0),
(694, 178, 'Compile time error', 0),
(695, 178, '10, 10', 1),
(696, 178, 'Depends on the standard', 0),
(697, 178, 'Depends on the compiler', 0),
(698, 179, 'l, e', 1),
(699, 179, 'h, e', 0),
(700, 179, 'l, l', 0),
(701, 179, 'h, l', 0),
(702, 180, '10, 10', 0),
(703, 180, '10, 11', 0),
(704, 180, '11, 10', 0),
(705, 180, '11, 11', 1),
(706, 181, 'a1 is a pointer to integer, a2 is not', 1),
(707, 181, 'a1 and a2 are pointers to integer', 0),
(708, 181, 'a2 is a pointer to integer, a1 is not', 0),
(709, 181, 'a1 and a2 are not pointers to integer', 0),
(710, 182, '1 2', 0),
(711, 182, '2 1', 0),
(712, 182, '2 3', 0),
(713, 182, '3 3', 1),
(714, 182, '3 2', 0),
(715, 182, '0 0', 0),
(716, 183, 'Syntax error', 0),
(717, 183, '00', 0),
(718, 183, '01', 0),
(719, 183, '02', 1),
(720, 183, '11', 0),
(721, 184, '0', 1),
(722, 184, '5', 0),
(723, 184, 'Syntax error', 0),
(724, 185, '1', 1),
(725, 185, '0', 0),
(726, 185, 'true', 0),
(727, 185, 'false', 0),
(728, 186, '36', 0),
(729, 186, '32', 0),
(730, 186, '67', 1),
(731, 186, '65', 0),
(732, 186, '129', 0),
(733, 187, '0, 0', 0),
(734, 187, '2147483647, 2147483647', 0),
(735, 187, 'Error', 0),
(736, 187, ' Indeterminable', 1),
(737, 188, 'Error', 0),
(738, 188, '34, 4', 1),
(739, 188, '34, 3', 0),
(740, 188, '3, 3', 0),
(745, 190, 'Result is: 0', 0),
(746, 190, 'Result is: 1', 1),
(747, 190, 'Segmentation fault', 0),
(748, 190, 'None of the above', 0),
(749, 191, 'Result is: 0', 1),
(750, 191, 'Result is: 1', 0),
(751, 191, 'Error: undefined identifier ’x’', 0),
(752, 191, 'None of the above', 0),
(753, 192, 'Error: x and y are undeclared', 1),
(754, 192, 'Result is: 30', 0),
(755, 192, 'Result is: 10', 0),
(756, 192, 'Result is: 20', 0),
(757, 193, '_out1 ^= 0x0F', 1),
(758, 193, '_out1 |= 0x0F', 0),
(759, 193, '_out1 ^= 0xFF', 0),
(760, 193, '_out1 |= 0xFF', 0),
(761, 194, 'x <<= 4', 0),
(762, 194, 'x <<= 2', 1),
(763, 194, 'x >>= 4', 0),
(764, 194, 'x >>= 2', 0),
(765, 195, '8080', 0),
(766, 195, '32 24 32 24', 0),
(767, 195, '32243224', 0),
(768, 195, '16241624', 1),
(773, 197, 'Continental', 0),
(774, 197, 'Don\'t know yet...', 0),
(775, 197, 'Continental Automotive Hungary Kft.', 1),
(776, 197, 'None of the above', 0),
(777, 198, 'Missing ’\\0’ at the and of the string', 0),
(778, 198, 'Trying to change any character pointed to by ch_ptr leads to undefined behaviour', 1),
(779, 198, 'Nothing, it can be compiled', 0),
(780, 198, 'Endless while loop in printMe()', 0),
(781, 199, '1 1 2 3 5 8 13 21', 1),
(782, 199, '1 2 3 5 8 13 21 34', 0),
(783, 199, '1 1 2 3 5 8 13', 0),
(784, 199, '1 2 3 5 8 13 21', 0),
(785, 200, 'Summa is: 100', 0),
(786, 200, 'Summa is: 0', 1),
(787, 200, 'It won\'t be compiled', 0),
(788, 200, 'Segmentation fault', 0),
(789, 201, '3,14', 0),
(790, 201, '3,14159665', 0),
(791, 201, 'Error: missing type casting', 0),
(792, 201, '3', 1),
(793, 202, '3', 0),
(794, 202, '3,141559265', 0),
(795, 202, '3,000000', 1),
(796, 202, 'None of the above', 0),
(797, 203, 'Define Error', 0),
(798, 203, '19', 0),
(799, 203, '18', 1),
(800, 203, 'None of the above', 0),
(801, 204, 'Error (Cannot be compiled)', 1),
(802, 204, '48', 0),
(803, 204, '48,0', 0),
(804, 204, '48,000', 0),
(805, 205, 'a= 5 b= 7 c= 6 d= 8', 1),
(806, 205, 'a= 6 b= 7 c= 6 d= 8', 0),
(807, 205, 'a= 6 b= 6 c= 6 d= 8', 0),
(808, 205, 'a= 5 b= 7 c= 6 d= 9', 0),
(809, 206, 'Error: x is uninitialized', 0),
(810, 206, '1 1', 0),
(811, 206, '1 2', 1),
(812, 206, '2 2', 0),
(813, 207, '10', 0),
(814, 207, '11', 1),
(815, 207, 'Error: Cannot convert from int* to int', 0),
(816, 207, 'Error: Cannot convert from int** to int', 0),
(821, 209, '100,000000', 0),
(822, 209, '100,000', 0),
(823, 209, '10,000', 0),
(824, 209, '5,000000', 1),
(825, 210, 'This is an infinitie loop', 0),
(826, 210, '10987654321', 0),
(827, 210, '109', 1),
(828, 210, '4321', 0),
(829, 211, '10', 0),
(830, 211, '100', 1),
(831, 211, 'Error: 1 value is required', 0),
(832, 211, 'None of the above', 0),
(833, 212, '10 11', 1),
(834, 212, '11 10', 0),
(835, 212, '10 10', 0),
(836, 212, '11 11', 0),
(841, 214, '1000', 1),
(842, 214, '100', 0),
(843, 214, 'Error 1 value is required', 0),
(844, 214, 'None of the above', 0),
(845, 215, 'Error: syntax error', 0),
(846, 215, 'e', 0),
(847, 215, 'f', 1),
(848, 215, 'None of the above', 0),
(849, 216, 'This is and endless loop', 0),
(850, 216, 'It prints odd numbers', 0),
(851, 216, 'It prints even numbers', 0),
(852, 216, 'There are two true statements', 1),
(853, 217, 'd=a/b;', 0),
(854, 217, 'd=(double)a/b;', 1),
(855, 217, 'd=a%b', 0),
(856, 217, 'd=(double)(a/b)', 0),
(857, 218, 'Hobbit.name = malloc(strlen(_name));', 0),
(858, 218, 'Hobbit.name = malloc(strlen(_name)+1);', 0),
(859, 218, 'Hobbit.name = (char*)malloc(strlen(_name));', 0),
(860, 218, 'Hobbit.name = (char*)malloc(strlen(_name)+1); ', 1);

-- --------------------------------------------------------

--
-- Tábla szerkezet ehhez a táblához `completed_tests`
--

CREATE TABLE `completed_tests` (
  `id` int(11) NOT NULL,
  `test_writer_name` varchar(50) DEFAULT NULL,
  `test_id` int(11) DEFAULT NULL,
  `question_num` int(11) DEFAULT NULL,
  `correct_answer_num` int(11) DEFAULT NULL,
  `fill_time` datetime DEFAULT NULL
) ENGINE=InnoDB DEFAULT CHARSET=utf8;

--
-- A tábla adatainak kiíratása `completed_tests`
--

INSERT INTO `completed_tests` (`id`, `test_writer_name`, `test_id`, `question_num`, `correct_answer_num`, `fill_time`) VALUES
(1, 'Bandi bá', 1, 4, 4, '2019-09-10 15:29:00'),
(2, 'Teszt Elek', 4, 2, 1, '2019-09-19 10:36:00'),
(3, 'Teszt Elek', 4, 2, 0, '2019-09-19 11:35:00'),
(4, 'Teszt Elek', 4, 2, 0, '2019-09-19 11:58:00'),
(5, 'Teszt Elek', 4, 2, 0, '2019-09-19 12:32:00'),
(6, 'Teszt Elek', 4, 2, 0, '2019-09-19 12:37:00'),
(7, 'Teszt Elek', 4, 2, 0, '2019-09-19 12:40:00'),
(8, 'Teszt Elek', 4, 2, 0, '2019-09-19 12:42:00'),
(9, 'Teszt Elek', 4, 2, 0, '2019-09-19 12:44:00'),
(10, 'Teszt Elek', 4, 2, 0, '2019-09-19 13:36:00'),
(11, 'Teszt Elek', 4, 2, 0, '2019-09-19 14:06:00'),
(12, 'Teszt Elek', 4, 2, 0, '2019-09-19 14:10:00'),
(13, 'Teszt Elek', 4, 2, 0, '2019-09-19 14:17:00'),
(14, 'Teszt Elek', 4, 2, 0, '2019-09-19 14:18:00'),
(15, 'Teszt Elek', 4, 2, 0, '2019-09-19 14:20:00'),
(16, 'Teszt Elek', 4, 2, 0, '2019-09-19 14:20:00'),
(17, 'Teszt Elek', 4, 2, 0, '2019-09-19 14:23:00'),
(18, 'Teszt Elek', 4, 2, 0, '2019-09-19 14:25:00'),
(19, 'Teszt Elek', 4, 2, 0, '2019-09-19 14:27:00'),
(20, 'Teszt Elek', 4, 2, 0, '2019-09-19 14:28:00'),
(21, 'Teszt Elek', 4, 2, 0, '2019-09-19 14:29:00'),
(22, 'Teszt Elek', 4, 2, 0, '2019-09-19 14:45:00'),
(23, 'Teszt Elek', 4, 2, 0, '2019-09-19 14:48:00'),
(24, 'Teszt Elek', 4, 2, 0, '2019-09-19 14:57:00'),
(25, 'Teszt Elek', 4, 2, 0, '2019-09-19 15:06:00'),
(26, 'Teszt Elek', 4, 2, 0, '2019-09-19 15:10:00'),
(27, 'Teszt Elek', 4, 2, 0, '2019-09-19 15:15:00'),
(28, 'Teszt Elek', 4, 2, 0, '2019-09-19 15:16:00'),
(29, 'Teszt Elek', 4, 2, 0, '2019-09-19 15:17:00'),
(30, 'Teszt Elek', 4, 2, 0, '2019-09-19 15:19:00'),
(31, 'Teszt Elek', 4, 2, 0, '2019-09-19 15:20:00'),
(32, 'Teszt Elek', 4, 2, 0, '2019-09-19 15:25:00'),
(33, 'Teszt Elek', 4, 2, 0, '2019-09-19 15:25:00'),
(34, 'Teszt Elek', 4, 2, 0, '2019-09-19 15:30:00'),
(35, 'Teszt Elek', 4, 2, 0, '2019-09-19 15:30:00'),
(36, 'Teszt Elek', 4, 2, 0, '2019-09-19 15:32:00'),
(37, 'Teszt Elek', 4, 2, 0, '2019-09-19 15:33:00'),
(38, 'Teszt Elek', 4, 2, 0, '2019-09-19 15:43:00'),
(39, 'Teszt Elek', 4, 2, 0, '2019-09-19 15:54:00'),
(40, 'Teszt Elek', 4, 2, 0, '2019-09-19 15:55:00'),
(41, 'Teszt Elek', 4, 2, 0, '2019-09-19 15:56:00'),
(42, 'Teszt Elek', 4, 2, 0, '2019-09-19 15:56:00'),
(43, 'Teszt Elek', 4, 2, 0, '2019-09-19 16:00:00'),
(44, 'Teszt Elek', 4, 2, 0, '2019-09-19 16:01:00'),
(45, 'Teszt Elek', 4, 2, 0, '2019-09-19 16:25:00'),
(46, 'Teszt Elek', 4, 2, 0, '2019-09-19 16:25:00'),
(47, 'Teszt Elek', 4, 2, 0, '2019-09-19 16:26:00'),
(48, 'Teszt Elek', 4, 2, 0, '2019-09-19 16:27:00'),
(49, 'Teszt Elek', 4, 2, 0, '2019-09-19 16:29:00'),
(50, 'Teszt Elek', 4, 2, 0, '2019-09-19 16:31:00'),
(51, 'Nagy Pista', 5, 17, 7, '2019-09-24 09:06:00'),
(52, '', 6, 17, 0, '2019-09-24 09:28:00'),
(53, 'Nagy Péter', 8, 20, 9, '2019-09-24 16:55:00'),
(54, 'Kék Attila', 9, 10, 3, '2019-09-25 09:55:00'),
(55, 'Papex', 10, 20, 0, '2019-09-25 16:16:00'),
(56, 'Kiss Pista', 11, 20, 5, '2019-09-26 10:29:00'),
(57, 'Teszt Elek', 14, 8, 4, '2019-10-08 11:36:00'),
(58, 'Teszt Elek', 15, 30, 0, '2019-11-14 23:00:00'),
(59, 'Teszt Jani', 24, 30, 0, '2019-11-28 09:15:00'),
(60, 'Teszt Jani', 24, 30, 0, '2019-11-28 10:21:00'),
(61, 'Nagy pista', 26, 30, 3, '2019-11-28 23:59:00'),
(62, 'Nagy pista', 26, 30, 0, '2019-11-29 00:00:00'),
(63, 'Nagy pista', 26, 30, 0, '2019-11-29 01:25:00'),
(64, 'Nagy pista', 26, 30, 0, '2019-11-29 09:58:00'),
(65, 'Nagy pista', 26, 30, 0, '2019-11-29 10:05:00'),
(66, 'Nagy pista', 26, 30, 0, '2019-11-29 10:37:00');

-- --------------------------------------------------------

--
-- Tábla szerkezet ehhez a táblához `completed_tests_questions`
--

CREATE TABLE `completed_tests_questions` (
  `id` int(11) NOT NULL,
  `test_id` int(11) DEFAULT NULL,
  `question_id` int(11) DEFAULT NULL,
  `answer` varchar(255) DEFAULT NULL
) ENGINE=InnoDB DEFAULT CHARSET=latin1;

--
-- A tábla adatainak kiíratása `completed_tests_questions`
--

INSERT INTO `completed_tests_questions` (`id`, `test_id`, `question_id`, `answer`) VALUES
(1, 1, 7, 'When the result of a binary calculation is too long for a computer to process'),
(2, 1, 8, '5,20,1'),
(3, 1, 14, 'Compilation Error'),
(4, 1, 5, 'Sizeof (datatype) * sizeof array'),
(5, 4, 155, '1, 4'),
(6, 4, 176, 'inside else if'),
(7, 4, 155, NULL),
(8, 4, 176, NULL),
(9, 4, 155, NULL),
(10, 4, 176, NULL),
(11, 4, 155, NULL),
(12, 4, 176, NULL),
(13, 4, 155, NULL),
(14, 4, 176, NULL),
(15, 4, 155, NULL),
(16, 4, 176, NULL),
(17, 4, 155, NULL),
(18, 4, 176, NULL),
(19, 4, 155, NULL),
(20, 4, 176, NULL),
(21, 4, 155, NULL),
(22, 4, 176, NULL),
(23, 4, 155, NULL),
(24, 4, 176, NULL),
(25, 4, 155, NULL),
(26, 4, 176, NULL),
(27, 4, 155, NULL),
(28, 4, 176, NULL),
(29, 4, 155, NULL),
(30, 4, 176, NULL),
(31, 4, 155, NULL),
(32, 4, 176, NULL),
(33, 4, 155, NULL),
(34, 4, 176, NULL),
(35, 4, 155, NULL),
(36, 4, 176, NULL),
(37, 4, 155, NULL),
(38, 4, 176, NULL),
(39, 4, 155, NULL),
(40, 4, 176, NULL),
(41, 4, 155, NULL),
(42, 4, 176, NULL),
(43, 4, 155, NULL),
(44, 4, 176, NULL),
(45, 4, 155, NULL),
(46, 4, 176, NULL),
(47, 4, 155, NULL),
(48, 4, 176, NULL),
(49, 4, 155, NULL),
(50, 4, 176, NULL),
(51, 4, 155, NULL),
(52, 4, 176, NULL),
(53, 4, 155, NULL),
(54, 4, 176, NULL),
(55, 4, 155, NULL),
(56, 4, 176, NULL),
(57, 4, 155, NULL),
(58, 4, 176, NULL),
(59, 4, 155, NULL),
(60, 4, 176, NULL),
(61, 4, 155, NULL),
(62, 4, 176, NULL),
(63, 4, 155, NULL),
(64, 4, 176, NULL),
(65, 4, 155, NULL),
(66, 4, 176, NULL),
(67, 4, 155, NULL),
(68, 4, 176, NULL),
(69, 4, 155, NULL),
(70, 4, 176, NULL),
(71, 4, 155, NULL),
(72, 4, 176, NULL),
(73, 4, 155, NULL),
(74, 4, 176, NULL),
(75, 4, 155, NULL),
(76, 4, 176, NULL),
(77, 4, 155, NULL),
(78, 4, 176, NULL),
(79, 4, 155, NULL),
(80, 4, 176, NULL),
(81, 4, 155, NULL),
(82, 4, 176, NULL),
(83, 4, 155, NULL),
(84, 4, 176, NULL),
(85, 4, 155, NULL),
(86, 4, 176, NULL),
(87, 4, 155, NULL),
(88, 4, 176, NULL),
(89, 4, 155, NULL),
(90, 4, 176, NULL),
(91, 4, 155, NULL),
(92, 4, 176, NULL),
(93, 4, 155, NULL),
(94, 4, 176, NULL),
(95, 4, 155, NULL),
(96, 4, 176, NULL),
(97, 4, 155, NULL),
(98, 4, 176, NULL),
(99, 4, 155, NULL),
(100, 4, 176, NULL),
(101, 4, 155, NULL),
(102, 4, 176, NULL),
(103, 5, 7, 'When the result of a binary calculation is too long for a computer to process'),
(104, 5, 135, 'MAX_NUM is an integer variable.'),
(105, 5, 181, 'a2 is a pointer to integer, a1 is not'),
(106, 5, 132, 'error'),
(107, 5, 155, '1, 4'),
(108, 5, 144, '000'),
(109, 5, 134, '2,2'),
(110, 5, 204, '48,000'),
(111, 5, 3, '100 100 0000127 0x0064'),
(112, 5, 206, '1 2'),
(113, 5, 127, '0 11; 1 12; 1 13; 1 14; 0 15; 10 25'),
(114, 5, 124, 'compilation error'),
(115, 5, 160, 'Another variable changed'),
(116, 5, 154, '99'),
(117, 5, 163, 'main cannot be used as a variable name'),
(118, 5, 126, '64'),
(119, 5, 153, '2'),
(120, 6, 211, NULL),
(121, 6, 197, NULL),
(122, 6, 136, NULL),
(123, 6, 184, NULL),
(124, 6, 115, NULL),
(125, 6, 134, NULL),
(126, 6, 195, NULL),
(127, 6, 113, NULL),
(128, 6, 209, NULL),
(129, 6, 2, NULL),
(130, 6, 185, NULL),
(131, 6, 152, NULL),
(132, 6, 158, NULL),
(133, 6, 163, NULL),
(134, 6, 154, NULL),
(135, 6, 141, NULL),
(136, 6, 153, NULL),
(137, 8, 132, '3'),
(138, 8, 166, '3'),
(139, 8, 144, '555'),
(140, 8, 178, '10, 10'),
(141, 8, 124, '10'),
(142, 8, 127, '1 11; 1 12; 1 13; 1 14; 0 15; 11 25'),
(143, 8, 146, '123456'),
(144, 8, 125, '12334444'),
(145, 8, 167, '5'),
(146, 8, 153, '4'),
(147, 8, 87, '4'),
(148, 8, 31, 'A hátsó tengelyen lév? kerekek sebességéb?l'),
(149, 8, 61, 'Ívküls?'),
(150, 8, 78, 'Kormányszög szenzor (Steering wheel angle sensor)'),
(151, 8, 98, 'Bal els?'),
(152, 8, 16, 'A járm?be szerelt elektromotor teljesítménye '),
(153, 8, 102, 'A fékkör nyomása 30 bar, az autó sebessége 50 km/h'),
(154, 8, 11, 'Megszüntetjük a kivezérelt regeneratív fékez?nyomatékot és tisztán hidraulikus fékre bízzuk a fékezést'),
(155, 8, 99, '20 Nm'),
(156, 8, 100, '180 Nm'),
(157, 9, 68, 'Magasabb fokozatba kapcsolás'),
(158, 9, 31, 'A hátsó tengelyen lév? kerekek sebességéb?l'),
(159, 9, 61, 'Hátsó'),
(160, 9, 21, 'Küls? h?mérséklet'),
(161, 9, 90, 'ESC (menetstabilizátor)'),
(162, 9, 18, 'Navigációs rendszer hibája'),
(163, 9, 11, 'Megszüntetjük a kivezérelt regeneratív fékez?nyomatékot és tisztán hidraulikus fékre bízzuk a fékezést'),
(164, 9, 81, 'Nem, csak féknyomaték növelés, illetve csökkentést kérhet'),
(165, 9, 103, 'Mindkett? igaz, de nincs összefüggés.'),
(166, 9, 10, 'Féknyomást kell elvenni a fékkörb?l; az így lecsökkentett féker?t az elektomotor által létrehozott fékez? nyomaték segítségével pótoljuk'),
(167, 10, 174, NULL),
(168, 10, 183, NULL),
(169, 10, 216, NULL),
(170, 10, 212, NULL),
(171, 10, 156, NULL),
(172, 10, 139, NULL),
(173, 10, 154, NULL),
(174, 10, 198, NULL),
(175, 10, 126, NULL),
(176, 10, 141, NULL),
(177, 10, 64, NULL),
(178, 10, 49, NULL),
(179, 10, 27, NULL),
(180, 10, 105, NULL),
(181, 10, 82, NULL),
(182, 10, 66, NULL),
(183, 10, 28, NULL),
(184, 10, 104, NULL),
(185, 10, 99, NULL),
(186, 10, 100, NULL),
(187, 11, 145, '0'),
(188, 11, 194, 'x >>= 4'),
(189, 11, 216, 'It prints odd numbers'),
(190, 11, 178, 'Depends on the standard'),
(191, 11, 165, '!!!!!!!a 0, b 12!!!!!!!'),
(192, 11, 199, '1 2 3 5 8 13 21 34'),
(193, 11, 146, 'Syntax error'),
(194, 11, 198, 'Nothing, it can be compiled'),
(195, 11, 126, '64'),
(196, 11, 167, '5'),
(197, 11, 54, 'Az ívbels? hátsó kereket'),
(198, 11, 46, 'Bolygóm?vel'),
(199, 11, 27, 'Igen, csökkenti a nyomást a fékkörben'),
(200, 11, 92, 'Fékezni'),
(201, 11, 24, 'Az elmentett információt fel lehet használni kés?bbi fejlesztésekhez'),
(202, 11, 26, 'Motor fordulatszám'),
(203, 11, 11, 'Megszüntetjük a kivezérelt regeneratív fékez?nyomatékot és tisztán hidraulikus fékre bízzuk a fékezést'),
(204, 11, 81, 'Nem, csak motor nyomaték csökkentést kérhet'),
(205, 11, 103, 'Mindkett? igaz, és van összefüggés.'),
(206, 11, 101, 'Els?kerék'),
(207, 14, 85, 'Ív bels? kerékre'),
(208, 14, 106, '1 m/s2'),
(209, 14, 83, 'Igen, a járm? teljes sebességtartományában.'),
(210, 14, 74, 'Ellen kormányzás'),
(211, 14, 43, '140 m'),
(212, 14, 90, 'ACC – Adaptive Cruise Control (távolságtartó tempomat)'),
(213, 14, 28, 'A sof?r fékez'),
(214, 14, 100, '180 Nm'),
(215, 15, 162, NULL),
(216, 15, 145, NULL),
(217, 15, 214, NULL),
(218, 15, 129, NULL),
(219, 15, 156, NULL),
(220, 15, 149, NULL),
(221, 15, 146, NULL),
(222, 15, 125, NULL),
(223, 15, 153, NULL),
(224, 15, 167, NULL),
(225, 15, 58, NULL),
(226, 15, 46, NULL),
(227, 15, 73, NULL),
(228, 15, 97, NULL),
(229, 15, 44, NULL),
(230, 15, 56, NULL),
(231, 15, 60, NULL),
(232, 15, 77, NULL),
(233, 15, 24, NULL),
(234, 15, 26, NULL),
(235, 15, 42, NULL),
(236, 15, 18, NULL),
(237, 15, 102, NULL),
(238, 15, 28, NULL),
(239, 15, 104, NULL),
(240, 15, 81, NULL),
(241, 15, 103, NULL),
(242, 15, 10, NULL),
(243, 15, 100, NULL),
(244, 15, 101, NULL),
(245, 24, 136, NULL),
(246, 24, 187, NULL),
(247, 24, 4, NULL),
(248, 24, 179, NULL),
(249, 24, 207, NULL),
(250, 24, 150, NULL),
(251, 24, 198, NULL),
(252, 24, 154, NULL),
(253, 24, 153, NULL),
(254, 24, 167, NULL),
(255, 24, 63, NULL),
(256, 24, 52, NULL),
(257, 24, 47, NULL),
(258, 24, 57, NULL),
(259, 24, 65, NULL),
(260, 24, 92, NULL),
(261, 24, 32, NULL),
(262, 24, 27, NULL),
(263, 24, 18, NULL),
(264, 24, 82, NULL),
(265, 24, 90, NULL),
(266, 24, 96, NULL),
(267, 24, 28, NULL),
(268, 24, 81, NULL),
(269, 24, 104, NULL),
(270, 24, 11, NULL),
(271, 24, 103, NULL),
(272, 24, 10, NULL),
(273, 24, 99, NULL),
(274, 24, 100, NULL),
(275, 24, 136, NULL),
(276, 24, 187, NULL),
(277, 24, 4, NULL),
(278, 24, 179, NULL),
(279, 24, 207, NULL),
(280, 24, 150, NULL),
(281, 24, 198, NULL),
(282, 24, 154, NULL),
(283, 24, 153, NULL),
(284, 24, 167, NULL),
(285, 24, 63, NULL),
(286, 24, 52, NULL),
(287, 24, 47, NULL),
(288, 24, 57, NULL),
(289, 24, 65, NULL),
(290, 24, 92, NULL),
(291, 24, 32, NULL),
(292, 24, 27, NULL),
(293, 24, 18, NULL),
(294, 24, 82, NULL),
(295, 24, 90, NULL),
(296, 24, 96, NULL),
(297, 24, 28, NULL),
(298, 24, 81, NULL),
(299, 24, 104, NULL),
(300, 24, 11, NULL),
(301, 24, 103, NULL),
(302, 24, 10, NULL),
(303, 24, 99, NULL),
(304, 24, 100, NULL),
(305, 26, 190, 'Result is: 0'),
(306, 26, 136, '1'),
(307, 26, 2, 'Error'),
(308, 26, 113, '32767 times'),
(309, 26, 149, '4'),
(310, 26, 160, 'Runtime error'),
(311, 26, 125, '01344444'),
(312, 26, 163, 'main() control may reach end of non'),
(313, 26, 167, '40'),
(314, 26, 153, '2'),
(315, 26, 57, NULL),
(316, 26, 52, NULL),
(317, 26, 47, NULL),
(318, 26, 73, NULL),
(319, 26, 67, NULL),
(320, 26, 78, NULL),
(321, 26, 83, NULL),
(322, 26, 93, NULL),
(323, 26, 88, NULL),
(324, 26, 33, NULL),
(325, 26, 82, NULL),
(326, 26, 43, NULL),
(327, 26, 104, NULL),
(328, 26, 81, NULL),
(329, 26, 102, NULL),
(330, 26, 28, NULL),
(331, 26, 101, NULL),
(332, 26, 100, NULL),
(333, 26, 99, NULL),
(334, 26, 10, NULL),
(335, 26, 190, 'Segmentation fault'),
(336, 26, 136, '6'),
(337, 26, 2, 'Base address of str'),
(338, 26, 113, '32767 times'),
(339, 26, 149, NULL),
(340, 26, 160, NULL),
(341, 26, 125, NULL),
(342, 26, 163, NULL),
(343, 26, 167, NULL),
(344, 26, 153, NULL),
(345, 26, 57, NULL),
(346, 26, 52, NULL),
(347, 26, 47, NULL),
(348, 26, 73, NULL),
(349, 26, 67, NULL),
(350, 26, 78, NULL),
(351, 26, 83, NULL),
(352, 26, 93, NULL),
(353, 26, 88, NULL),
(354, 26, 33, NULL),
(355, 26, 82, NULL),
(356, 26, 43, NULL),
(357, 26, 104, NULL),
(358, 26, 81, NULL),
(359, 26, 102, NULL),
(360, 26, 28, NULL),
(361, 26, 101, NULL),
(362, 26, 100, NULL),
(363, 26, 99, NULL),
(364, 26, 10, NULL),
(365, 26, 190, NULL),
(366, 26, 136, NULL),
(367, 26, 2, NULL),
(368, 26, 113, NULL),
(369, 26, 149, NULL),
(370, 26, 160, NULL),
(371, 26, 125, NULL),
(372, 26, 163, NULL),
(373, 26, 167, NULL),
(374, 26, 153, NULL),
(375, 26, 57, NULL),
(376, 26, 52, NULL),
(377, 26, 47, NULL),
(378, 26, 73, NULL),
(379, 26, 67, NULL),
(380, 26, 78, NULL),
(381, 26, 83, NULL),
(382, 26, 93, NULL),
(383, 26, 88, NULL),
(384, 26, 33, NULL),
(385, 26, 82, NULL),
(386, 26, 43, NULL),
(387, 26, 104, NULL),
(388, 26, 81, NULL),
(389, 26, 102, NULL),
(390, 26, 28, NULL),
(391, 26, 101, NULL),
(392, 26, 100, NULL),
(393, 26, 99, NULL),
(394, 26, 10, NULL),
(395, 26, 190, NULL),
(396, 26, 136, NULL),
(397, 26, 2, NULL),
(398, 26, 113, NULL),
(399, 26, 149, NULL),
(400, 26, 160, NULL),
(401, 26, 125, NULL),
(402, 26, 163, NULL),
(403, 26, 167, NULL),
(404, 26, 153, NULL),
(405, 26, 57, NULL),
(406, 26, 52, NULL),
(407, 26, 47, NULL),
(408, 26, 73, NULL),
(409, 26, 67, NULL),
(410, 26, 78, NULL),
(411, 26, 83, NULL),
(412, 26, 93, NULL),
(413, 26, 88, NULL),
(414, 26, 33, NULL),
(415, 26, 82, NULL),
(416, 26, 43, NULL),
(417, 26, 104, NULL),
(418, 26, 81, NULL),
(419, 26, 102, NULL),
(420, 26, 28, NULL),
(421, 26, 101, NULL),
(422, 26, 100, NULL),
(423, 26, 99, NULL),
(424, 26, 10, NULL),
(425, 26, 190, NULL),
(426, 26, 136, NULL),
(427, 26, 2, NULL),
(428, 26, 113, NULL),
(429, 26, 149, NULL),
(430, 26, 160, NULL),
(431, 26, 125, NULL),
(432, 26, 163, NULL),
(433, 26, 167, NULL),
(434, 26, 153, NULL),
(435, 26, 57, NULL),
(436, 26, 52, NULL),
(437, 26, 47, NULL),
(438, 26, 73, NULL),
(439, 26, 67, NULL),
(440, 26, 78, NULL),
(441, 26, 83, NULL),
(442, 26, 93, NULL),
(443, 26, 88, NULL),
(444, 26, 33, NULL),
(445, 26, 82, NULL),
(446, 26, 43, NULL),
(447, 26, 104, NULL),
(448, 26, 81, NULL),
(449, 26, 102, NULL),
(450, 26, 28, NULL),
(451, 26, 101, NULL),
(452, 26, 100, NULL),
(453, 26, 99, NULL),
(454, 26, 10, NULL),
(455, 26, 190, NULL),
(456, 26, 136, NULL),
(457, 26, 2, NULL),
(458, 26, 113, NULL),
(459, 26, 149, NULL),
(460, 26, 160, NULL),
(461, 26, 125, NULL),
(462, 26, 163, NULL),
(463, 26, 167, NULL),
(464, 26, 153, NULL),
(465, 26, 57, NULL),
(466, 26, 52, NULL),
(467, 26, 47, NULL),
(468, 26, 73, NULL),
(469, 26, 67, NULL),
(470, 26, 78, NULL),
(471, 26, 83, NULL),
(472, 26, 93, NULL),
(473, 26, 88, NULL),
(474, 26, 33, NULL),
(475, 26, 82, NULL),
(476, 26, 43, NULL),
(477, 26, 104, NULL),
(478, 26, 81, NULL),
(479, 26, 102, NULL),
(480, 26, 28, NULL),
(481, 26, 101, NULL),
(482, 26, 100, NULL),
(483, 26, 99, NULL),
(484, 26, 10, NULL);

-- --------------------------------------------------------

--
-- Tábla szerkezet ehhez a táblához `questions`
--

CREATE TABLE `questions` (
  `id` int(11) NOT NULL,
  `description` text NOT NULL,
  `name` varchar(50) NOT NULL,
  `difficulty` int(11) NOT NULL,
  `category_id` int(11) DEFAULT NULL,
  `image` varchar(255) DEFAULT NULL,
  `reviewed` int(11) DEFAULT NULL
) ENGINE=InnoDB DEFAULT CHARSET=utf8;

-- --------------------------------------------------------

--
-- Tábla szerkezet ehhez a táblához `question_category`
--

CREATE TABLE `question_category` (
  `id` int(11) NOT NULL,
  `name` varchar(50) DEFAULT NULL
) ENGINE=InnoDB DEFAULT CHARSET=utf8;

--
-- A tábla adatainak kiíratása `question_category`
--

INSERT INTO `question_category` (`id`, `name`) VALUES
(2, 'C test'),
(3, 'testCategory'),
(4, 'Functional'),
(5, 'Személyiség teszt');

-- --------------------------------------------------------

--
-- Tábla szerkezet ehhez a táblához `revoked_tokens`
--

CREATE TABLE `revoked_tokens` (
  `id` int(11) NOT NULL,
  `jti` varchar(120) DEFAULT NULL
) ENGINE=InnoDB DEFAULT CHARSET=latin1;

-- --------------------------------------------------------

--
-- Tábla szerkezet ehhez a táblához `tests`
--

CREATE TABLE `tests` (
  `id` int(11) NOT NULL,
  `start_date` datetime DEFAULT NULL,
  `end_date` datetime DEFAULT NULL,
  `test_writer_name` varchar(250) DEFAULT NULL,
  `time` varchar(50) DEFAULT NULL,
  `completed` tinyint(1) DEFAULT 0
) ENGINE=InnoDB DEFAULT CHARSET=latin1;

--
-- A tábla adatainak kiíratása `tests`
--

INSERT INTO `tests` (`id`, `start_date`, `end_date`, `test_writer_name`, `time`, `completed`) VALUES
(6, '2019-09-24 09:06:00', '2019-09-24 11:06:00', '', '00:20', 1),
(7, '2019-09-24 13:31:00', '2019-09-24 15:31:00', 'Teszt Elek', '00:20', 0),
(8, '2019-09-24 16:55:00', '2019-09-24 18:55:00', 'Nagy Péter', '00:30', 1),
(9, '2019-09-25 09:53:00', '2019-09-25 11:53:00', 'Kék Attila', '00:30', 1),
(10, '2019-09-25 15:46:00', '2019-09-25 17:46:00', 'Papex', '00:30', 1),
(11, '2019-09-26 10:29:00', '2019-09-26 12:29:00', 'Kiss Pista', '00:30', 1),
(12, '2019-09-27 13:52:00', '2019-09-27 15:52:00', 'asd', '00:30', 0),
(13, '2019-09-27 13:52:00', '2019-09-27 15:52:00', 'asd', '00:30', 0),
(14, '2019-10-08 11:34:00', '2019-10-08 13:34:00', 'Teszt Elek', '00:30', 1),
(15, '2019-11-14 22:24:00', '2019-11-15 00:24:00', 'Teszt Elek', '00:30', 1),
(16, '2019-11-14 22:25:00', '2019-11-15 00:25:00', 'Kiss Adam', '00:30', 0),
(17, '2019-11-14 22:29:00', '2019-11-15 00:29:00', 'Kiss Pista', '00:30', 0),
(18, '2019-11-19 19:18:00', '2019-11-19 21:18:00', 'Hegedüs Eszter', '00:30', 0),
(19, '2019-11-19 21:52:00', '2019-11-19 23:52:00', 'asdasd', '00:30', 0),
(20, '2019-11-26 22:09:00', '2019-11-27 00:09:00', 'Teszt Elek', '00:30', 0),
(21, '2019-11-26 22:36:00', '2019-11-27 00:36:00', 'asd', '00:30', 0),
(22, '2019-11-27 19:11:00', '2019-11-27 21:11:00', 'asdqwe', '00:30', 0),
(23, '2019-11-28 09:09:00', '2019-11-28 11:09:00', 'Teszt Elek', '00:30', 0),
(24, '2019-11-28 09:13:00', '2019-11-28 11:13:00', 'Teszt Jani', '00:01', 1),
(25, '2019-11-28 23:57:00', '2019-11-29 01:57:00', 'Nagy pista', '00:30', 0),
(26, '2019-11-28 23:57:00', '2019-11-29 01:57:00', 'Nagy pista', '00:01', 1);

-- --------------------------------------------------------

--
-- Tábla szerkezet ehhez a táblához `test_questions`
--

CREATE TABLE `test_questions` (
  `id` int(11) NOT NULL,
  `test_id` int(11) DEFAULT NULL,
  `quest_id` int(11) DEFAULT NULL
) ENGINE=InnoDB DEFAULT CHARSET=utf8;

--
-- A tábla adatainak kiíratása `test_questions`
--

INSERT INTO `test_questions` (`id`, `test_id`, `quest_id`) VALUES
(58, 4, 155),
(59, 4, 176),
(60, 5, 7),
(61, 5, 135),
(62, 5, 181),
(63, 5, 155),
(64, 5, 132),
(65, 5, 144),
(66, 5, 134),
(67, 5, 204),
(68, 5, 3),
(69, 5, 206),
(70, 5, 127),
(71, 5, 124),
(72, 5, 160),
(73, 5, 154),
(74, 5, 163),
(75, 5, 126),
(76, 5, 153),
(77, 6, 211),
(78, 6, 197),
(79, 6, 136),
(80, 6, 184),
(81, 6, 115),
(82, 6, 134),
(83, 6, 195),
(84, 6, 113),
(85, 6, 209),
(86, 6, 2),
(87, 6, 185),
(88, 6, 152),
(89, 6, 158),
(90, 6, 163),
(91, 6, 154),
(92, 6, 141),
(93, 6, 153),
(94, 7, 164),
(95, 7, 14),
(96, 7, 170),
(97, 7, 203),
(98, 7, 160),
(99, 7, 185),
(100, 7, 154),
(101, 7, 198),
(102, 7, 126),
(103, 7, 153),
(104, 7, 48),
(105, 7, 59),
(106, 7, 74),
(107, 7, 95),
(108, 7, 45),
(109, 7, 38),
(110, 7, 104),
(111, 7, 102),
(112, 7, 10),
(113, 7, 100),
(114, 8, 132),
(115, 8, 166),
(116, 8, 144),
(117, 8, 178),
(118, 8, 124),
(119, 8, 127),
(120, 8, 146),
(121, 8, 125),
(122, 8, 167),
(123, 8, 153),
(124, 8, 87),
(125, 8, 31),
(126, 8, 61),
(127, 8, 78),
(128, 8, 98),
(129, 8, 16),
(130, 8, 102),
(131, 8, 11),
(132, 8, 99),
(133, 8, 100),
(134, 9, 68),
(135, 9, 31),
(136, 9, 61),
(137, 9, 21),
(138, 9, 90),
(139, 9, 18),
(140, 9, 11),
(141, 9, 81),
(142, 9, 103),
(143, 9, 10),
(144, 10, 174),
(145, 10, 183),
(146, 10, 216),
(147, 10, 212),
(148, 10, 156),
(149, 10, 139),
(150, 10, 154),
(151, 10, 198),
(152, 10, 126),
(153, 10, 141),
(154, 10, 64),
(155, 10, 49),
(156, 10, 27),
(157, 10, 105),
(158, 10, 82),
(159, 10, 66),
(160, 10, 28),
(161, 10, 104),
(162, 10, 99),
(163, 10, 100),
(164, 11, 145),
(165, 11, 194),
(166, 11, 216),
(167, 11, 178),
(168, 11, 165),
(169, 11, 199),
(170, 11, 146),
(171, 11, 198),
(172, 11, 126),
(173, 11, 167),
(174, 11, 54),
(175, 11, 46),
(176, 11, 27),
(177, 11, 92),
(178, 11, 24),
(179, 11, 26),
(180, 11, 11),
(181, 11, 81),
(182, 11, 103),
(183, 11, 101),
(184, 12, 202),
(185, 12, 122),
(186, 12, 4),
(187, 12, 210),
(188, 12, 147),
(189, 12, 165),
(190, 12, 198),
(191, 12, 146),
(192, 12, 153),
(193, 12, 167),
(194, 12, 72),
(195, 12, 52),
(196, 12, 19),
(197, 12, 51),
(198, 12, 88),
(199, 12, 45),
(200, 12, 102),
(201, 12, 11),
(202, 12, 10),
(203, 12, 101),
(204, 13, 202),
(205, 13, 122),
(206, 13, 4),
(207, 13, 210),
(208, 13, 147),
(209, 13, 165),
(210, 13, 198),
(211, 13, 146),
(212, 13, 153),
(213, 13, 167),
(214, 13, 72),
(215, 13, 52),
(216, 13, 19),
(217, 13, 51),
(218, 13, 88),
(219, 13, 45),
(220, 13, 102),
(221, 13, 11),
(222, 13, 10),
(223, 13, 101),
(224, 14, 85),
(225, 14, 106),
(226, 14, 83),
(227, 14, 74),
(228, 14, 43),
(229, 14, 90),
(230, 14, 28),
(231, 14, 100),
(232, 15, 162),
(233, 15, 145),
(234, 15, 214),
(235, 15, 129),
(236, 15, 156),
(237, 15, 149),
(238, 15, 146),
(239, 15, 125),
(240, 15, 153),
(241, 15, 167),
(242, 15, 58),
(243, 15, 46),
(244, 15, 73),
(245, 15, 97),
(246, 15, 44),
(247, 15, 56),
(248, 15, 60),
(249, 15, 77),
(250, 15, 24),
(251, 15, 26),
(252, 15, 42),
(253, 15, 18),
(254, 15, 102),
(255, 15, 28),
(256, 15, 104),
(257, 15, 81),
(258, 15, 103),
(259, 15, 10),
(260, 15, 100),
(261, 15, 101),
(262, 16, 14),
(263, 16, 197),
(264, 16, 209),
(265, 16, 203),
(266, 16, 199),
(267, 16, 6),
(268, 16, 163),
(269, 16, 146),
(270, 16, 126),
(271, 16, 167),
(272, 16, 87),
(273, 16, 58),
(274, 16, 85),
(275, 16, 57),
(276, 16, 56),
(277, 16, 29),
(278, 16, 84),
(279, 16, 105),
(280, 16, 96),
(281, 16, 18),
(282, 16, 23),
(283, 16, 24),
(284, 16, 11),
(285, 16, 28),
(286, 16, 102),
(287, 16, 104),
(288, 16, 10),
(289, 16, 100),
(290, 16, 103),
(291, 16, 101),
(292, 17, 191),
(293, 17, 164),
(294, 17, 215),
(295, 17, 204),
(296, 17, 199),
(297, 17, 169),
(298, 17, 154),
(299, 17, 198),
(300, 17, 167),
(301, 17, 141),
(302, 17, 50),
(303, 17, 30),
(304, 17, 54),
(305, 17, 97),
(306, 17, 92),
(307, 17, 62),
(308, 17, 51),
(309, 17, 60),
(310, 17, 37),
(311, 17, 66),
(312, 17, 82),
(313, 17, 26),
(314, 17, 104),
(315, 17, 28),
(316, 17, 102),
(317, 17, 81),
(318, 17, 101),
(319, 17, 100),
(320, 17, 99),
(321, 17, 10),
(322, 18, 8),
(323, 18, 166),
(324, 18, 129),
(325, 18, 4),
(326, 18, 150),
(327, 18, 158),
(328, 18, 125),
(329, 18, 163),
(330, 18, 153),
(331, 18, 126),
(332, 18, 54),
(333, 18, 52),
(334, 18, 79),
(335, 18, 85),
(336, 18, 92),
(337, 18, 21),
(338, 18, 67),
(339, 18, 84),
(340, 18, 25),
(341, 18, 66),
(342, 18, 26),
(343, 18, 45),
(344, 18, 102),
(345, 18, 81),
(346, 18, 28),
(347, 18, 104),
(348, 18, 10),
(349, 18, 103),
(350, 18, 99),
(351, 18, 100),
(352, 19, 112),
(353, 19, 162),
(354, 19, 195),
(355, 19, 144),
(356, 19, 193),
(357, 19, 169),
(358, 19, 125),
(359, 19, 154),
(360, 19, 141),
(361, 19, 126),
(362, 19, 106),
(363, 19, 30),
(364, 19, 41),
(365, 19, 59),
(366, 19, 67),
(367, 19, 35),
(368, 19, 36),
(369, 19, 65),
(370, 19, 98),
(371, 19, 66),
(372, 19, 38),
(373, 19, 82),
(374, 19, 102),
(375, 19, 11),
(376, 19, 28),
(377, 19, 81),
(378, 19, 100),
(379, 19, 101),
(380, 19, 103),
(381, 19, 10),
(382, 20, 116),
(383, 20, 176),
(384, 20, 206),
(385, 20, 203),
(386, 20, 120),
(387, 20, 124),
(388, 20, 125),
(389, 20, 198),
(390, 20, 153),
(391, 20, 141),
(392, 20, 97),
(393, 20, 48),
(394, 20, 91),
(395, 20, 52),
(396, 20, 39),
(397, 20, 22),
(398, 20, 67),
(399, 20, 40),
(400, 20, 66),
(401, 20, 18),
(402, 20, 42),
(403, 20, 37),
(404, 20, 104),
(405, 20, 28),
(406, 20, 102),
(407, 20, 11),
(408, 20, 103),
(409, 20, 99),
(410, 20, 101),
(411, 20, 10),
(412, 21, 135),
(413, 21, 173),
(414, 21, 210),
(415, 21, 204),
(416, 21, 150),
(417, 21, 124),
(418, 21, 198),
(419, 21, 154),
(420, 21, 153),
(421, 21, 126),
(422, 21, 50),
(423, 21, 91),
(424, 21, 54),
(425, 21, 47),
(426, 21, 27),
(427, 21, 56),
(428, 21, 75),
(429, 21, 53),
(430, 21, 98),
(431, 21, 17),
(432, 21, 96),
(433, 21, 37),
(434, 21, 81),
(435, 21, 104),
(436, 21, 28),
(437, 21, 11),
(438, 21, 101),
(439, 21, 10),
(440, 21, 99),
(441, 21, 100),
(442, 22, 174),
(443, 22, 5),
(444, 22, 204),
(445, 22, 179),
(446, 22, 193),
(447, 22, 156),
(448, 22, 146),
(449, 22, 154),
(450, 22, 126),
(451, 22, 141),
(452, 22, 49),
(453, 22, 86),
(454, 22, 64),
(455, 22, 57),
(456, 22, 74),
(457, 22, 35),
(458, 22, 51),
(459, 22, 93),
(460, 22, 90),
(461, 22, 42),
(462, 22, 45),
(463, 22, 98),
(464, 22, 11),
(465, 22, 28),
(466, 22, 104),
(467, 22, 81),
(468, 22, 103),
(469, 22, 99),
(470, 22, 10),
(471, 22, 101),
(472, 23, 114),
(473, 23, 197),
(474, 23, 4),
(475, 23, 212),
(476, 23, 152),
(477, 23, 207),
(478, 23, 146),
(479, 23, 198),
(480, 23, 167),
(481, 23, 126),
(482, 23, 89),
(483, 23, 52),
(484, 23, 63),
(485, 23, 31),
(486, 23, 56),
(487, 23, 20),
(488, 23, 21),
(489, 23, 65),
(490, 23, 38),
(491, 23, 43),
(492, 23, 88),
(493, 23, 25),
(494, 23, 28),
(495, 23, 104),
(496, 23, 102),
(497, 23, 11),
(498, 23, 10),
(499, 23, 99),
(500, 23, 103),
(501, 23, 100),
(502, 24, 136),
(503, 24, 187),
(504, 24, 4),
(505, 24, 179),
(506, 24, 207),
(507, 24, 150),
(508, 24, 198),
(509, 24, 154),
(510, 24, 153),
(511, 24, 167),
(512, 24, 63),
(513, 24, 52),
(514, 24, 47),
(515, 24, 57),
(516, 24, 65),
(517, 24, 92),
(518, 24, 32),
(519, 24, 27),
(520, 24, 18),
(521, 24, 82),
(522, 24, 90),
(523, 24, 96),
(524, 24, 28),
(525, 24, 81),
(526, 24, 104),
(527, 24, 11),
(528, 24, 103),
(529, 24, 10),
(530, 24, 99),
(531, 24, 100),
(532, 25, 190),
(533, 25, 136),
(534, 25, 2),
(535, 25, 113),
(536, 25, 149),
(537, 25, 160),
(538, 25, 125),
(539, 25, 163),
(540, 25, 167),
(541, 25, 153),
(542, 25, 57),
(543, 25, 52),
(544, 25, 47),
(545, 25, 73),
(546, 25, 67),
(547, 25, 78),
(548, 25, 83),
(549, 25, 93),
(550, 25, 88),
(551, 25, 33),
(552, 25, 82),
(553, 25, 43),
(554, 25, 104),
(555, 25, 81),
(556, 25, 102),
(557, 25, 28),
(558, 25, 101),
(559, 25, 100),
(560, 25, 99),
(561, 25, 10),
(562, 26, 190),
(563, 26, 136),
(564, 26, 2),
(565, 26, 113),
(566, 26, 149),
(567, 26, 160),
(568, 26, 125),
(569, 26, 163),
(570, 26, 167),
(571, 26, 153),
(572, 26, 57),
(573, 26, 52),
(574, 26, 47),
(575, 26, 73),
(576, 26, 67),
(577, 26, 78),
(578, 26, 83),
(579, 26, 93),
(580, 26, 88),
(581, 26, 33),
(582, 26, 82),
(583, 26, 43),
(584, 26, 104),
(585, 26, 81),
(586, 26, 102),
(587, 26, 28),
(588, 26, 101),
(589, 26, 100),
(590, 26, 99),
(591, 26, 10);

-- --------------------------------------------------------

--
-- Tábla szerkezet ehhez a táblához `users`
--

CREATE TABLE `users` (
  `id` int(11) NOT NULL,
  `username` varchar(50) NOT NULL,
  `password_hash` varchar(128) NOT NULL,
  `rights` int(11) NOT NULL DEFAULT 1,
  `name` varchar(255) DEFAULT NULL
) ENGINE=InnoDB DEFAULT CHARSET=utf8;

--
-- A tábla adatainak kiíratása `users`
--

INSERT INTO `users` (`id`, `username`, `password_hash`, `rights`, `name`) VALUES
(53, 'admin', '$pbkdf2-sha256$29000$uxeCkJLy/r83xjjnXGvtfQ$9p8yeuHSfcS2WJxSaEg8xhuOYQM88OMC.qQbJiQH4g0', 1, 'admin');

-- --------------------------------------------------------

--
-- Tábla szerkezet ehhez a táblához `user_rights`
--

CREATE TABLE `user_rights` (
  `id` int(11) NOT NULL,
  `name` varchar(50) NOT NULL
) ENGINE=InnoDB DEFAULT CHARSET=latin1;

--
-- A tábla adatainak kiíratása `user_rights`
--

INSERT INTO `user_rights` (`id`, `name`) VALUES
(1, 'admin'),
(2, 'user'),
(3, 'uploader'),
(4, 'HR');

--
-- Indexek a kiírt táblákhoz
--

--
-- A tábla indexei `answers`
--
ALTER TABLE `answers`
  ADD PRIMARY KEY (`id`);

--
-- A tábla indexei `completed_tests`
--
ALTER TABLE `completed_tests`
  ADD PRIMARY KEY (`id`);

--
-- A tábla indexei `completed_tests_questions`
--
ALTER TABLE `completed_tests_questions`
  ADD PRIMARY KEY (`id`);

--
-- A tábla indexei `questions`
--
ALTER TABLE `questions`
  ADD PRIMARY KEY (`id`);

--
-- A tábla indexei `question_category`
--
ALTER TABLE `question_category`
  ADD PRIMARY KEY (`id`);

--
-- A tábla indexei `revoked_tokens`
--
ALTER TABLE `revoked_tokens`
  ADD PRIMARY KEY (`id`);

--
-- A tábla indexei `tests`
--
ALTER TABLE `tests`
  ADD PRIMARY KEY (`id`);

--
-- A tábla indexei `test_questions`
--
ALTER TABLE `test_questions`
  ADD PRIMARY KEY (`id`);

--
-- A tábla indexei `users`
--
ALTER TABLE `users`
  ADD PRIMARY KEY (`id`);

--
-- A tábla indexei `user_rights`
--
ALTER TABLE `user_rights`
  ADD PRIMARY KEY (`id`);

--
-- A kiírt táblák AUTO_INCREMENT értéke
--

--
-- AUTO_INCREMENT a táblához `answers`
--
ALTER TABLE `answers`
  MODIFY `id` int(11) NOT NULL AUTO_INCREMENT, AUTO_INCREMENT=861;

--
-- AUTO_INCREMENT a táblához `completed_tests`
--
ALTER TABLE `completed_tests`
  MODIFY `id` int(11) NOT NULL AUTO_INCREMENT, AUTO_INCREMENT=67;

--
-- AUTO_INCREMENT a táblához `completed_tests_questions`
--
ALTER TABLE `completed_tests_questions`
  MODIFY `id` int(11) NOT NULL AUTO_INCREMENT, AUTO_INCREMENT=485;

--
-- AUTO_INCREMENT a táblához `questions`
--
ALTER TABLE `questions`
  MODIFY `id` int(11) NOT NULL AUTO_INCREMENT;

--
-- AUTO_INCREMENT a táblához `question_category`
--
ALTER TABLE `question_category`
  MODIFY `id` int(11) NOT NULL AUTO_INCREMENT, AUTO_INCREMENT=6;

--
-- AUTO_INCREMENT a táblához `revoked_tokens`
--
ALTER TABLE `revoked_tokens`
  MODIFY `id` int(11) NOT NULL AUTO_INCREMENT;

--
-- AUTO_INCREMENT a táblához `tests`
--
ALTER TABLE `tests`
  MODIFY `id` int(11) NOT NULL AUTO_INCREMENT, AUTO_INCREMENT=27;

--
-- AUTO_INCREMENT a táblához `test_questions`
--
ALTER TABLE `test_questions`
  MODIFY `id` int(11) NOT NULL AUTO_INCREMENT, AUTO_INCREMENT=592;

--
-- AUTO_INCREMENT a táblához `users`
--
ALTER TABLE `users`
  MODIFY `id` int(11) NOT NULL AUTO_INCREMENT, AUTO_INCREMENT=54;

--
-- AUTO_INCREMENT a táblához `user_rights`
--
ALTER TABLE `user_rights`
  MODIFY `id` int(11) NOT NULL AUTO_INCREMENT, AUTO_INCREMENT=5;
COMMIT;

/*!40101 SET CHARACTER_SET_CLIENT=@OLD_CHARACTER_SET_CLIENT */;
/*!40101 SET CHARACTER_SET_RESULTS=@OLD_CHARACTER_SET_RESULTS */;
/*!40101 SET COLLATION_CONNECTION=@OLD_COLLATION_CONNECTION */;
